-0.322893195,0.920809294
-0.317910832,0.922312711
-0.305937322,0.940209135
-0.292968528,0.958985666
-0.349001657,0.910576185
-0.3260381,0.927956731
-0.286064108,0.923551052
1.249918793,0.841411223
1.255913417,0.804739252
1.136913417,0.928739252
-0.276092415,0.937387217
-0.246132096,0.952190635
1.27878855,0.969708968
-0.187336626,0.991136922
-0.15646941,1.012629557
-0.158599784,1.07101421
0.908222298,1.503921812
-0.241996599,1.272048075
-0.200330388,1.28569894
-0.181694594,1.326662121
-0.184013646,1.380640501
-0.171388439,1.417103375
0.871097756,1.924034008
0.91259962,1.900247418
0.953029758,1.896975286
0.823366657,1.965757674
0.035754091,2.081904723
0.90615611,1.976881605
0.955552116,1.924806538
0.992860024,1.952308042
1.027094986,1.972894715
0.888172285,2.012650031
0.91731012,2.056910168
0.989349455,1.965158787
1.027401073,1.991244938
0.873448338,2.042032234
0.904534624,2.055977365
0.94233991,2.073802803
3.5860394,-0.509456874
1.044921582,2.036813528
3.591668163,-0.464251562
3.610226197,-0.446473718
3.54164623,-0.56934263
3.542869609,-0.54170562
3.489655446,-0.656763879
3.571535232,-0.489749952
3.495175332,-0.585533692
3.501799092,-0.552437234
3.506506416,-0.519918984
3.517375982,-0.493545086
3.451422024,-0.569789131
3.463715797,-0.531070936
3.476040918,-0.49444136
3.490021296,-0.449636836
3.497616992,-0.414630378
3.511964458,-0.380584214
3.455296857,-0.439496711
3.471584038,-0.401108589
3.48500881,-0.365628002
3.430187239,-0.40994425
3.445509188,-0.373554247
3.454698104,-0.333015942
3.409444105,-0.372409815
3.427312567,-0.329300633
3.450872093,-0.288649353
3.470808933,-0.252099557
3.416815722,-0.272520863
3.377989523,-0.278206356
3.403390254,-0.243842119
3.356502517,-0.251415704
3.383357757,-0.211222826
3.41797743,-0.180084342
3.373730292,-0.18214743
3.399855538,-0.152140585
3.358130009,-0.152280265
3.323918389,-0.145402357
3.359081562,-0.099238288
3.32217785,-0.099223002
3.356436961,-0.06002685
3.31478637,-0.055530068
3.347221962,-0.036732785
3.303959421,-0.015954151
3.342061979,0.008987343
3.301493949,0.038828349
3.33498914,0.05328033
3.28925804,0.078086133
3.319517905,0.089307326
3.273248047,0.119621512
3.300109758,0.121115386
3.251006314,0.167239685
3.283662929,0.188019635
3.305198963,0.187964756
3.242550428,0.227161428
3.267417972,0.238337029
3.205338866,0.288105128
3.231819071,0.302126453
3.250208752,0.307264244
3.262415765,0.305978786
3.197655686,0.375306053
3.208914693,0.379259335
3.221764533,0.383720822
3.154441942,0.462399687
3.071279661,0.387712231
3.082195174,0.39175114
3.089814615,0.394489241
3.085556051,0.385993445
3.07457547,0.371428923
3.059788628,0.353531214
4.054300384,-0.147467745
4.082763549,-0.10106076
3.968837633,-0.084940117
5.532019104,0.993267396
5.60884792,1.132834975
5.083908741,1.204756744
4.973288606,1.247844273
4.83973458,1.186864976
4.775113604,1.267439017
4.755831766,1.286941312
4.677891203,1.322026661
4.470720989,1.361724494
2.734253842,0.024574712
2.962550219,3.609720692
3.00286157,3.617017755
3.020199743,3.649831772
3.025357381,3.702591807
3.026257257,3.759478044
3.021468218,3.821585977
3.016738471,3.884771167
3.021434224,3.93137815
3.01751775,3.992002189
3.012527995,4.053658321
3.007900916,4.116247249
3.000914689,4.183738153
2.987081363,4.26125118
2.985244357,4.31826582
2.982995772,4.370615472
2.982021501,4.432593222
2.948723047,4.529623979
2.923942073,4.61576962
2.917516086,4.683921171
2.928752004,4.718777962
2.938433164,4.762487229
2.95709038,4.790655023
2.946551898,4.86159437
2.93022261,4.94639364
2.895040403,5.053193568
2.89380754,5.119219794
2.902437498,5.154907889
2.898226614,5.213498466
2.855220996,5.321907191
2.833650242,5.404431578
2.826689291,5.45931048
2.816943761,5.525069861
2.816636368,5.573062273
2.810675801,5.618278397
2.795710087,5.688295243
2.756659648,5.793252737
7.051981464,6.170197307
7.032972721,6.171268844
7.022552929,6.193342459
4.450647317,2.768674344
4.732861871,2.743900737
5.085817271,2.921075428
5.139149268,2.959414514
5.108796612,2.919729028
5.116595298,2.948147017
5.120592191,3.0026578
5.075369913,3.020203907
5.028307962,3.06466584
5.035588782,3.112181902
5.095546493,3.160628309
5.152529001,3.226083281
5.108087343,3.261663397
5.063714688,3.313255274
5.017446739,3.342842438
4.966806213,3.371390806
4.976198548,3.42192399
4.924258766,3.459484473
4.878478471,3.516124275
4.817246134,3.548824001
4.818624084,3.586501486
4.866121543,3.584171804
4.807336296,3.637861693
4.696114066,3.733582362
4.735348757,3.710351775
4.682134725,3.784162705
4.653580247,3.783006177
4.555179274,3.823851691
6.416513643,7.165663469
6.187353785,7.319506327
6.18945846,7.359388609
6.18611325,7.381302568
6.182329666,7.408244046
7.00429822,6.531198961
6.937223467,6.506157758
6.681805352,6.290128651
6.627985838,6.046111653
6.592624068,6.053106293
6.733577125,5.809106265
6.648348164,5.643105669
6.617899211,5.673103379
6.435176692,5.767097164
6.4123686,5.793089
6.37900072,5.815065605
6.063728588,5.505194187
6.023264257,5.533977042
5.958818892,5.634751906
5.914659169,5.653545406
5.878190712,5.675301178
5.624099422,5.437111489
5.614124169,5.42862582
5.048527618,6.071094666
4.883482956,6.104900758
5.077449985,5.929791683
5.074899804,5.954404755
5.186278393,7.189589416
5.979067902,7.022525068
5.831730439,7.139501524
5.814463368,7.130479219
5.816013204,7.17845079
5.667445683,7.294419275
5.653177322,7.285400119
5.645160867,7.303387818
5.496292168,7.417379042
5.491299914,7.434367033
5.487005209,7.455345537
5.478197678,7.452304676
5.477886038,7.512247794
5.477298843,7.570169891
5.320368359,7.642069918
5.313866381,7.654936421
5.307821612,7.673745764
5.301559098,7.699450217
5.295317141,7.735150566
5.292288913,7.803855565
5.135132594,7.865545287
5.129245353,7.870158518
5.122960494,7.896685625
5.117382364,7.91914102
5.109014149,7.96850503
5.10192367,8.031871579
5.094494584,8.100192897
4.938089403,8.105501462
4.933876354,8.11079157
4.925277044,8.15390181
4.915411978,8.211056211
4.905187478,8.261055123
4.747665833,8.288036236
4.739950489,8.319099221
6.132474164,7.45804203
4.716507783,8.42496904
4.704272639,8.471510449
6.333345279,7.741064029
6.096727723,8.171502601
4.524314519,8.557922135
6.069810825,8.263648681
6.016868842,8.252775343
5.97729746,8.257693636
6.18707093,7.645272027
5.831966199,8.417892915
5.802573604,8.441241134
5.731523361,8.393992884
6.033418203,7.758490215
5.946882401,7.759997708
5.893608299,7.781121893
5.9002864,7.957887413
5.486988984,8.586666152
5.653501848,7.848027363
5.643694615,7.887185752
5.616641136,7.92099665
5.549205431,7.936731617
5.496947346,7.965123534
5.613895912,8.072518761
5.430422262,8.030404614
5.329071622,8.028003239
5.273425748,8.045375136
5.242372396,8.081142399
5.173513204,8.095156203
5.021578021,8.382134212
5.358709246,7.25388304
4.875499891,8.403617485
4.786305895,8.920240209
4.764013328,8.938684105
5.09039166,7.353149324
4.835376427,8.869396356
4.626189807,8.605814629
4.559774909,8.637370668
4.502289449,8.667778176
5.119119926,8.538788788