0.288999513,-0.531805001
0.295999457,-0.532777001
0.270995257,-0.533357029
0.293985586,-0.531690122
0.317968475,-0.537765333
0.344938659,-0.538496801
0.37189632,-0.543957577
0.399844242,-0.546250636
0.429790258,-0.544451716
0.46174187,-0.546692603
0.493703462,-0.54312523
0.524674807,-0.543792641
0.555655822,-0.544707863
0.635638944,-0.546685048
0.617618858,-0.540569289
0.696594861,-0.550369609
0.677568809,-0.543098965
0.760548599,-0.544944201
0.742531176,-0.548888393
0.824515801,-0.547896552
0.806504986,-0.547064645
0.837496058,-0.546320717
0.918483024,-0.547421843
0.949464038,-0.547337064
0.929442821,-0.551190326
1.013426966,-0.54816749
1.046414031,-0.550243611
1.028404527,-0.545451687
1.111398752,-0.547843723
1.09139373,-0.546285753
1.12138509,-0.547565822
1.203372055,-0.549666948
1.182356697,-0.548707112
1.214344669,-0.548816221
1.299334357,-0.549991306
1.331325893,-0.554255371
1.311319494,-0.550615414
1.342314472,-0.551057444
1.424307212,-0.551397497
1.404295549,-0.548533602
1.43428019,-0.554573766
1.467268162,-0.553682874
1.60325785,-0.54685796
1.585250574,-0.558165011
1.61724595,-0.546621037
1.595243331,-0.554218049
1.625239491,-0.556738069
1.603233291,-0.555118111
1.632223917,-0.556368189
1.61321664,-0.54367524
1.643211294,-0.555081272
1.625207582,-0.53858629
1.652205278,-0.5492023
1.621204286,-0.550954302
1.649202471,-0.555624309
1.618198984,-0.546159326
1.644192369,-0.552529373
1.611187185,-0.538953404
1.641182961,-0.542425426
2.024179727,-0.695963441
1.992177023,-0.686547453
2.219175423,-0.695227458
2.118172888,-0.696837469
2.280167866,-0.6972795
2.179159227,-0.699559569
2.343150763,-0.699823634
2.310144163,-0.700163678
2.71513898,-0.591587709
2.745134884,-0.58807573
2.710132095,-0.594646743
2.73712776,-0.587136767
2.703118073,-0.589361848
2.733100735,-0.589342044
2.702080001,-0.584190293
2.738063107,-0.595134473
2.708047251,-0.577111637
2.744032852,-0.598151781
2.716022037,-0.583319875
2.691010738,-0.583482977
2.72199386,-0.590460162
2.693969864,-0.587260482
2.725941208,-0.577927893
2.702917385,-0.568674195
2.790896004,-0.588486451
2.880877509,-0.588398661
2.85486311,-0.585438805
2.943850959,-0.582570918
2.916834081,-0.585548104
3.005811702,-0.589370388
2.977786491,-0.587140732
3.00976628,-0.588985968
3.100748858,-0.58793016
3.132733483,-0.588938318
3.10572182,-0.587074423
3.195712892,-0.587330495
3.225701133,-0.593490605
3.256684255,-0.59246779
3.286662597,-0.589328065
3.200644631,-0.585239262
3.291629256,-0.589247421
3.324617228,-0.591356529
3.357608012,-0.583588603
3.390600516,-0.587874656
3.421591588,-0.590130727
3.512578554,-0.592231853
3.543561676,-0.595209039
3.5165478,-0.592252173
3.609535772,-0.591361281
3.64252546,-0.592536367
3.674517717,-0.591832424
3.761512533,0.766743545
3.736505273,-0.595596508
3.763493974,0.75724039
3.797477641,-0.597769789
3.769463765,-0.597812924
3.802451737,-0.592922032
3.772441426,0.776902882
3.867432962,-0.596361183
3.775426762,0.770258776
3.989418827,-0.598051285
3.959407529,-0.594214387
3.988391195,-0.598224566
4.08237582,-0.602232725
4.053362885,-0.601308846
4.08535367,-0.60254092
4.117346614,-0.600868969
4.148343014,-0.602388987
4.479339174,0.773090993
4.208333174,-0.603309047
4.470323035,0.753470865
4.270312219,-0.600697229
4.47730582,0.764942728
4.39630134,-0.607530297
4.48129774,0.761949685
4.39729614,-0.60373032
4.428295148,-0.605482323
4.460292613,0.761907666
4.488284679,-0.606402395
4.461273744,0.771407507
4.550267969,-0.60298453
4.462264369,0.781495452
4.614261665,-0.59508856
4.709259729,-0.601736567
4.740257853,-0.594395574
4.770253518,-0.594885598
4.801245319,-0.602172661
4.832232285,-0.604273787
4.865221973,-0.599448873
4.898213244,-0.59768994
4.994205748,-0.594975992
4.964199972,-0.597368029
5.058195348,-0.594824055
5.026189348,-0.591224095
5.057180421,-0.598480167
5.087166922,-0.600580302
5.057155768,-0.590722398
5.440146265,0.750069526
5.185137801,-0.598194539
5.446130057,0.768509404
5.249124874,-0.593914627
5.460119074,0.822665334
5.245109387,-0.592559746
5.450094973,0.781370105
5.307081518,-0.593702025
5.456071206,0.771122889
5.433061702,0.766914813
5.406051911,-0.599269266
5.444045311,0.77839069
5.535037809,-0.600927365
5.448027332,0.780878544
5.532011461,-0.603129625
5.454997062,0.770830231
5.423985909,0.781688134
5.630976118,-0.600495944
5.662967389,-0.603737011
5.69696079,-0.601077055
5.725954175,-0.604447101
5.444945247,0.787296828
5.785933054,-0.60186229
5.81792139,-0.602998395
5.849913647,-0.603294452
5.948907047,-0.605634496
5.980901271,-0.608026533
6.428897559,0.746468449
6.043894619,-0.607111565
6.423890284,0.76139841
6.103882349,-0.60691165
6.069873134,-0.605143724
6.102867177,-0.604516762
6.426861993,0.782059207
6.23285681,-0.605364824
6.425852714,0.767147154
6.295848746,-0.606356867
6.424842746,0.733243093
6.418833059,0.905018012
6.436820908,0.751885899
6.415812444,0.862621834
6.4478047,0.798325777
6.426797645,0.767997728
6.576792461,0.899573697
6.420787981,0.848100671
6.636781587,0.902709627
6.4427719,0.756484546
6.394759286,0.812354424
6.44375007,0.76712235
6.825742327,0.891826293
6.730735527,0.897506248
6.826730343,0.894082217
6.858726743,0.894562199
7.010721328,0.859132165
6.919713129,0.893845102
6.94870137,0.889684992
6.981691866,0.889476916
7.41468459,0.718169865
7.040678634,0.800796827
7.01667345,0.897372796
7.04866985,0.822852778
7.01466499,0.897392749
7.428657056,0.724082688
7.076643557,0.877982553
7.433631893,0.733846448
7.40562415,0.726550391
7.473618193,0.827177354
7.420613569,0.743721328
7.399611573,0.73008432
7.436609758,0.769414314
7.409606271,0.712879296
7.725599435,-0.394469752
7.42559238,0.717202199
7.408586423,0.739829161
7.707580467,-0.408543877
7.421574067,0.749096081
7.408569443,0.723640055
7.740564421,-0.384801976
7.721555494,-0.393058047
7.69954108,-0.390128196
7.731523164,-0.397074399
7.714508315,-0.386084548
7.74749538,-0.385160668
7.730483352,-0.383269776
7.763474624,-0.380510843
7.79546616,-0.382774908
7.876454009,-0.386907022
7.856436093,-0.385853225
7.939414191,-0.398669495
7.870398892,-0.388649648
8.007387401,-0.390765747
7.988378673,-0.392006814
8.020373489,-0.392430846
8.392368305,0.696145123
8.135360803,-0.394172932
8.397347769,0.696725942
8.38133337,0.707685798
8.429321879,0.745569699
8.399311254,0.70341961
8.379302039,0.674187537
8.365296747,0.723683574
8.336242376,0.731325024
8.318114348,0.727603036
8.297957657,0.73059247
8.475759948,-0.370903079
8.507514247,-0.370860919
8.490235868,-0.372072663
8.568932564,-0.370398499
8.599587442,-0.364085576
8.629255043,-0.367539055
8.700936435,-0.354751006
8.729610796,-0.356084712
8.758273928,-0.356567856
8.791871552,-0.358783184
8.778482966,-0.364754961
8.853074239,-0.359853144
8.882644866,-0.35607765
8.905462534,-0.355967988
8.877439797,-0.372765556
8.852439027,-0.395594559
8.830398426,-0.41717033
8.806271117,-0.418600533
8.881046775,-0.434127185
8.906727241,-0.4419856
8.832314091,-0.427107897
8.91282534,-0.441536436
8.890346451,-0.43310856
8.971872973,-0.444711208
9.576378635,-0.225108239
9.554878679,-0.241473767
9.563383189,-0.21504386
9.545871276,-0.228525464
9.556354862,-0.202077037
9.58180292,-0.188159297
9.552191992,-0.184893422
9.52371797,-0.199011116
9.473042259,-0.277010553
9.401769778,-0.29551937
9.380825988,-0.303752614
9.35621622,-0.297663628
9.33291937,-0.287955526
9.307369242,-0.268893769
9.324503585,-0.2900743
9.303566458,-0.243158437
9.272687943,-0.225654239
9.290461094,-0.22335568
9.260068597,-0.196843906
9.276249934,-0.195098013
9.251470713,-0.150402523
9.816711174,-0.173732264
9.834200934,-0.135725641
9.855578467,-0.105232546
9.871333308,-0.064910222
9.980765937,0.009169784
9.992280587,0.048799364
10.14757906,0.202049929
10.15956766,0.233386902
10.1334274,0.244232875
10.20406314,0.322997041
9.909914071,0.106701773
9.924861234,0.102165253
9.897636644,0.121799365
10.07929758,0.212801353
10.17027909,0.260780317
10.10442208,0.230285338
10.07155091,0.248878429
10.08119821,0.260173175
10.36887138,0.537890498
10.36095684,0.56011203
10.32721542,0.492877661
10.28004043,0.429839768
10.26895978,0.386839517
10.29975643,0.280803284
10.16035872,0.181672234
10.09766718,0.192398182
10.03610956,0.191995605
10.0918195,0.227472299
10.23476839,0.228833963
10.29499744,0.283109421
10.21816395,0.299371275
10.19342429,0.369653488
10.44098617,0.672977583
10.42322957,0.781278486
10.38326357,0.764658176
10.29526919,0.719031886
10.31695075,0.859358961
10.30009728,0.955639449
10.30630838,1.03293358
10.2676164,1.079247931
10.23837609,1.111583594
10.20463889,1.090100757
10.16233796,1.027539872
10.12157732,0.954968888
10.03916621,0.840386201
9.945374049,0.80530412
9.832087249,0.78891352
9.760472259,0.801422979
9.686910221,0.814648143
9.55624792,0.820039126
9.470095805,0.819091395
9.448011673,0.842546982
9.4236215,0.857235176
9.396382851,0.872743758
9.309832121,0.886465089
9.28157801,0.900234508
9.266374329,0.943085613
9.361221324,0.995018254
9.47694971,1.057474326
9.538659025,1.100791827
9.534352985,1.088050935
9.442794683,1.067835797
9.387964544,1.030576099
9.275027676,1.015855728
9.199066729,1.01416599
9.123070597,1.026605784
9.050072059,1.049324791
9.802085375,1.970476932
9.756118323,1.953143476
9.703180334,1.931248015
9.786271716,2.023947622
9.50038364,1.909358626
9.543387804,1.914950507
9.487399088,1.942622234
9.49641827,2.194764169
9.265456656,1.844281301
9.310578862,1.957375218
9.237683825,2.000285541
9.192078942,2.014604057
9.150753432,2.055602043
9.001776459,2.218953124
8.968657313,2.042753199
9.303853459,1.021457673
8.867267854,2.02122693
8.725522361,2.211229495
8.74300617,2.059443632
9.201329571,1.163304712
8.652400602,2.10549263
9.112704827,1.204121737
9.245516707,1.151647039
9.016823438,1.27305582
9.132227968,1.215547178
8.929442677,1.337412262
8.879095775,1.326272356
8.827575033,1.33586314
9.029090567,1.25454923
8.915548039,1.213069789
8.951722019,1.230728646
8.874701512,1.236310453
8.486710305,1.338696816
8.827541704,1.250966352
8.74606296,1.257358943
8.296776414,1.392826678
8.690541794,1.284625357
8.718307173,1.305424037
8.689059768,1.322194476
8.65998995,1.329788814
8.629691689,1.352446161
8.60316025,1.366154395
8.409653717,1.373128979
8.760099506,1.555993441
8.35284232,1.403165484
8.648540469,1.574026336
8.349277333,1.432975036
8.537040152,1.600982237
8.459789979,1.615960194
8.219005214,1.47564616
8.339925965,1.607489167
8.279555621,1.594468103
8.216871413,1.586825001
8.072150616,1.422550884
8.049326213,1.435508756
7.993454047,1.564181276
7.907571193,1.561916898
8.239664466,2.735319857
8.151751081,2.737672697
8.118830492,2.732890174
8.0339144,2.731169487
7.52099125,1.507315432
7.921059445,2.72530306
7.893116235,2.677117062
7.806173039,2.746022898
7.828233718,2.770992617
7.68930045,2.739058145
7.7193757,2.654251389
7.567460235,2.749611929
7.489537085,2.722757874
7.338607282,2.618774433
7.43567156,2.591704193
7.448726615,2.60152086
7.372793196,2.593647621
7.32986416,2.615810627
7.304939199,2.605966258
7.334023477,2.569287183
7.454112461,2.494671935
7.598194105,2.409920332
7.559326089,2.388326547
7.565470171,2.407633539
7.420754909,2.498115708
7.589564748,2.731126062
7.482064931,2.786791168
7.404183504,2.798608022
7.330335695,2.846765202
7.689765057,1.692253738
7.656405758,1.727987856
7.627672232,1.757188216
7.049946369,3.00866107
7.513108115,1.809623278
7.485417154,1.838744838
6.942874599,2.990024716
7.380395985,1.893372126
7.311601214,1.905987362
7.338703639,1.793493366
7.220358441,1.952124528
7.198934264,1.9805047
7.039993743,2.183226757
7.046644695,2.158907077
7.074675676,1.967454147
7.061719471,1.964758556
6.583456396,3.186102175
6.584083564,3.150508221
6.893545704,1.978438058
6.817926628,1.987435196
6.739175819,1.989002052
6.421332517,1.783252137
6.357364621,3.199920042
6.550314071,2.017279843
6.403214269,1.92057378
6.42912946,2.025050694
6.142097466,3.23486193
6.303095723,2.044917266
7.18004817,2.210666422
7.133993509,2.229263615
5.84594646,1.861890859
7.005816651,2.230941665
6.962673609,2.250060873
6.877537199,2.241327011
6.833503491,2.261254277
6.744493709,2.267277608
6.71480956,2.283727623
6.552851477,3.507642269
6.577867151,2.228433915
6.534874933,2.178904659
6.446958202,2.139753412
6.342407454,2.069871051
6.268230981,2.04777154
6.193441972,2.046929023
6.110002236,2.022712715
6.035814596,2.038621519
6.058744082,3.164407397
6.365840324,2.965777471
6.376204356,2.87333242
6.258464361,2.938442324
6.188553485,2.986251507
5.677554428,3.126136661
6.086607737,2.020312755
6.065844542,2.056675873
6.04027676,2.057396947
6.013819021,2.052679323
6.95348532,2.165751291
5.916207373,2.091069012
5.886078628,2.095246492
5.812102073,2.117274758
5.779190735,2.118550577
5.697312747,2.117949975
6.619432484,2.284206479
5.590456934,2.142846413
5.515451048,2.165374384
5.476400498,2.153734185
5.39647267,2.180948165
5.353577946,2.17328579
6.275699958,2.342685188
5.219821971,2.187084586
6.127977828,2.345607428
6.090033061,2.360359203
5.044116677,2.205349368
5.954118333,2.372905341
5.903181006,2.397952482
5.816400065,2.396975225
5.784950548,2.409086012
5.716992612,2.349905314
5.668995107,2.325160003
5.729039539,3.626266809
5.498307799,2.191442656
5.427936799,2.166100525
5.903892581,3.527253949
5.275222184,2.135728112
5.191893895,2.114853496
5.10989374,2.115718383
5.613863686,3.233026515
5.561862082,3.185447602
4.957112825,3.284851042
5.112328186,2.908734249
5.316619938,2.918234118
5.28602932,2.899130785
5.261305126,2.925798394
4.96636294,3.086779914
4.909365765,2.024488822
4.887370563,2.035978607
4.864401272,2.040192313
4.839466028,2.047026198
4.733567291,3.283447563
4.723722693,2.058597419
4.689908671,2.052987994
4.602122758,2.065624971
4.567378827,2.061665125
5.127622694,3.340482527
4.44585111,2.076115146
4.296076262,3.318783721
4.962308919,3.332574581
4.272564723,2.076675509
4.841816768,3.367683917
4.751085022,3.399883059
4.715370149,3.380145319
4.622650511,3.378305106
3.941913837,2.10327124
4.504157013,3.381018917
3.732397078,3.583806561
4.382669547,3.381038433
4.051937801,3.138237575
4.027206133,3.133372942
3.986491261,3.147635202
4.137771622,3.213794989
4.418027076,3.089701642
4.471324402,2.980306353
4.396582274,3.035321163
4.37420966,3.083622578
4.047109329,3.274055647
3.948319087,3.35499475
3.915709231,3.394845108
3.808895778,3.43904395
3.780205386,3.472023009
3.80625841,3.305603219
3.889404597,3.348287931
3.865482676,3.371158618
3.784972725,3.391867653
4.150345231,3.412057191
4.225845281,3.325382112
4.178896971,3.274954722
4.236581945,3.255466577
3.967963776,3.470458977
3.7207096,3.575247565
3.616102993,3.640985718
3.520530177,3.671912838
3.493200223,3.724010662
3.409992132,3.725220498
3.550208322,3.576580277
3.617860372,3.590032341
3.560512422,3.596484406
3.546054739,3.629898859
3.769974112,3.757214059
3.984719737,3.666526561
3.973762567,3.660704666
3.902024258,3.692649856
3.80927152,3.794630956
3.442125688,3.848609066
3.725308101,2.330597127
5.505574483,3.366587515
5.46593842,3.396580771
3.52557991,3.866578763
3.553477393,3.864578599
3.548502875,3.901578588
3.530688357,3.955578051
3.84893004,4.106577109
3.980127132,4.047576439
4.114062717,3.972554544
4.043272214,4.001472903
3.903034099,4.047120531
3.828132398,4.088227527
3.827655519,4.163342678
3.785418391,4.214010389
3.775592291,4.317225388
3.706042813,4.404304951
3.642119507,4.448189311
3.639273794,4.507034325
3.665847374,4.379257885
3.869021547,4.365562228
3.811849443,4.452919475
4.234790649,4.435217184
4.249198769,4.344399197
4.338629539,4.218625525
4.276672801,4.247339721
4.180682044,4.356803573
3.912040446,4.41930774
3.832828188,4.669562024
3.835128223,4.734650511
3.843586125,4.789019386
4.377118981,3.209769777
3.756030332,4.628309606
4.027904868,4.703164857
4.170694357,4.765427672
4.198253469,4.791862944
4.226793842,4.818572341
4.188538195,4.833635135
4.418380282,3.353496376
4.241291315,4.889213234
4.409369635,3.38512697
4.436422074,3.420094837
4.398409335,3.417197804
4.666124089,5.183551667
4.392853182,3.449875807
4.995625114,5.162110696
4.938522416,5.210856458
4.409447151,3.477544398
5.022414724,5.312916566
4.390342054,3.497372577
5.357303055,3.321529492
4.376974614,3.540972434
4.343530416,5.403883605
5.336216403,3.355296868
4.377016777,3.573244573
4.315858864,5.448105813
4.351745701,5.443645546
4.366693531,3.610829415
4.270588411,5.49412097
4.300276283,5.506298629
4.353772196,3.661331902
4.351385746,5.551893415
4.251130099,5.548956209
5.318944406,3.517875106
4.340944757,3.709951079
4.345918901,3.701081026
5.311840311,3.569318765
5.421645407,5.930025574
5.290171325,3.582997826
5.319828427,3.596470432
5.384614838,5.97544693
5.295470773,3.641279322
5.316411545,5.895707399
5.343398806,6.024810365
5.295320215,3.668048104
5.398097843,6.046810495
5.274578707,3.716874258
5.221163074,5.987494968
5.128776625,5.995056481
5.273433726,3.739529087
5.154279818,6.141152419
6.217174698,3.597443974
5.272029582,3.796816154
5.373844229,6.150268838
5.232384602,3.819978235
5.256924975,3.823687633
5.331494707,6.19733792
5.130210877,6.095458175
5.238941153,3.865549706
5.331822727,6.09186815
5.304664226,6.253267178
5.217252152,3.922645302
5.352777801,6.308384233
5.075318174,6.315093631
5.281887906,6.296743918
6.175604076,3.779864173
5.226450168,3.983487504
7.127384801,3.625698315
6.158306211,3.818936054
5.264070062,6.361726216
5.17365443,4.024346926
6.148150342,3.8673802
7.101792956,3.679882457
7.117551357,3.711916499
6.13742464,3.913484112
5.259346049,6.45172185
5.272254207,6.484986504
6.126109092,3.995358683
5.395678824,6.418008971
6.960263192,7.319629681
6.106862166,4.0002208
6.134578336,4.012341055
7.06822095,3.839843311
5.21711583,6.649134866
6.110984073,4.052480184
7.118904898,7.370484445
7.048613367,3.876385552
6.0820033,4.095631928
6.112634232,4.113924224
5.804293691,6.43815923
7.036907241,3.944720742
6.080698617,4.165455349
6.09656686,4.159800667
7.511394946,7.36022653
7.024011572,4.02054745
6.044462247,4.201672144
6.086031979,4.233322432
7.434601712,7.431972719
7.027229809,4.100504611
7.487021185,7.441239218
6.050771232,4.293057137
6.998585879,4.110509821
7.560294347,7.447410928
7.933609429,3.920043127
6.974149802,4.150752524
7.640823482,7.459958864
6.021553757,4.354050395
6.038399849,4.356673727
6.973334483,4.220884538
7.000242641,4.238149191
7.769047738,7.487856
7.797558668,7.49385877
6.968186765,4.269390662
7.850945166,7.504424705
7.912773378,4.10331478
8.231700708,7.406770791
6.954701059,4.316846764
8.27766206,7.415003679
7.881508152,4.150627011
7.907194139,4.181040274
6.954940865,4.384045712
8.230824406,7.483820365
8.839845243,7.176080556
7.904008456,4.235590004